{"name":"NewProject","server":"","engineModulesConfigKey":"defaultConfig","platform":"windows","buildPath":"project://build","debug":false,"buildMode":"normal","mangleProperties":false,"md5Cache":false,"skipCompressTexture":false,"sourceMaps":false,"overwriteProjectSettings":{"macroConfig":{"cleanupImageCache":"inherit-project-setting"},"includeModules":{"physics":"inherit-project-setting","physics-2d":"inherit-project-setting","gfx-webgl2":"off"}},"nativeCodeBundleMode":"wasm","polyfills":{"targets":"chrome 80"},"experimentalEraseModules":false,"startSceneAssetBundle":false,"bundleConfigs":[],"inlineEnum":true,"useBuiltinServer":false,"md5CacheOptions":{"excludes":["C:\\Users\\Student DSW\\NewProject\\build\\windows\\data\\src\\effect.bin"],"includes":["C:\\Users\\Student DSW\\NewProject\\build\\windows\\data\\application.js"],"replaceOnly":["C:\\Users\\Student DSW\\NewProject\\build\\windows\\data\\main.js"],"handleTemplateMd5Link":true},"mainBundleIsRemote":false,"mainBundleCompressionType":"merge_dep","useSplashScreen":true,"bundleCommonChunk":false,"packAutoAtlas":true,"startScene":"db://assets/scene.scene","outputName":"windows","taskName":"windows","scenes":[{"url":"db://assets/scene.scene","uuid":"ff58a781-a612-4c80-a8e7-a4a39317df54"}],"wasmCompressionMode":false,"packages":{"windows":{"executableName":"","renderBackEnd":{"vulkan":false,"gles3":true,"gles2":true},"targetPlatform":"x64","__version__":"1.0.1"},"cocos-service":{"configID":"7e6b61","services":[]},"native":{"encrypted":false,"xxteaKey":"2eRPuFgsxO+KkJPN","compressZip":false,"JobSystem":"none","__version__":"1.0.2"}},"__version__":"1.3.9","logDest":"project://temp/builder/log/windows23.11.2025 06-50.log","useCache":true,"includeModules":["2d","3d","affine-transform","animation","audio","base","custom-pipeline","dragon-bones","graphics","intersection-2d","light-probe","marionette","mask","particle","particle-2d","physics-2d-box2d","physics-ammo","primitive","profiler","rich-text","skeletal-animation","spine-3.8","terrain","tiled-map","tween","ui","ui-skew","video","websocket","webview","custom-pipeline-builtin-scripts"],"flags":{"LOAD_BULLET_MANUALLY":false,"LOAD_SPINE_MANUALLY":false},"designResolution":{"width":1280,"height":720,"fitWidth":true,"fitHeight":false},"renderPipeline":"fd8ec536-a354-4a17-9c74-4f3883c378c8","physicsConfig":{"gravity":{"x":0,"y":-10,"z":0},"allowSleep":true,"sleepThreshold":0.1,"autoSimulation":true,"fixedTimeStep":0.0166667,"maxSubSteps":1,"defaultMaterial":"ba21476f-2866-4f81-9c4d-6e359316e448"},"customLayers":[],"sortingLayers":[],"macroConfig":{},"customPipeline":true,"useBuildAssetCache":true,"useBuildEngineCache":true,"useBuildTextureCompressCache":true,"useBuildAutoAtlasCache":true,"resolution":{"width":1280,"height":720,"policy":4},"engineInfo":{"typescript":{"type":"builtin","custom":"","builtin":"C:\\ProgramData\\cocos\\editors\\Creator\\3.8.6\\resources\\resources\\3d\\engine","path":"C:\\ProgramData\\cocos\\editors\\Creator\\3.8.6\\resources\\resources\\3d\\engine"},"native":{"type":"builtin","custom":"","builtin":"C:\\ProgramData\\cocos\\editors\\Creator\\3.8.6\\resources\\resources\\3d\\engine\\native","path":"C:\\ProgramData\\cocos\\editors\\Creator\\3.8.6\\resources\\resources\\3d\\engine\\native"}},"appTemplateData":{"debugMode":false,"renderMode":false,"showFPS":false,"resolution":{"width":1280,"height":720,"policy":4},"md5Cache":false,"cocosTemplate":"","settingsJsonPath":"src/settings.json","hasPhysicsAmmo":true,"versionTips":"The version of application.ejs need upgrade","customVersion":"1.0.0","versionCheckTemplate":"C:\\ProgramData\\cocos\\editors\\Creator\\3.8.6\\resources\\resources\\3d\\engine\\templates\\launcher\\version-check.ejs"},"buildEngineParam":{"debug":false,"mangleProperties":false,"inlineEnum":true,"sourceMaps":false,"includeModules":["2d","3d","affine-transform","animation","audio","base","custom-pipeline","dragon-bones","graphics","intersection-2d","light-probe","marionette","mask","particle","particle-2d","physics-2d-box2d","physics-ammo","primitive","profiler","rich-text","skeletal-animation","spine-3.8","terrain","tiled-map","tween","ui","ui-skew","video","websocket","webview","custom-pipeline-builtin-scripts"],"engineVersion":"3.8.6","md5Map":[],"engineName":"src/cocos-js","platform":"WINDOWS","useCache":true,"nativeCodeBundleMode":"wasm","wasmCompressionMode":false,"output":"C:\\Users\\Student DSW\\NewProject\\build\\windows\\data\\src\\cocos-js","targets":"chrome 80","flags":{"DEBUG":false,"LOAD_BULLET_MANUALLY":false,"LOAD_SPINE_MANUALLY":false,"NET_MODE":0,"SERVER_MODE":false},"entry":"C:\\ProgramData\\cocos\\editors\\Creator\\3.8.6\\resources\\resources\\3d\\engine"},"buildScriptParam":{"experimentalEraseModules":false,"outputName":"project","flags":{"DEBUG":false,"LOAD_BULLET_MANUALLY":false,"LOAD_SPINE_MANUALLY":false,"NET_MODE":0,"SERVER_MODE":false},"polyfills":{"targets":"chrome 80"},"platform":"WINDOWS","commonDir":"C:\\Users\\Student DSW\\NewProject\\build\\windows\\data\\src\\chunks","bundleCommonChunk":false,"targets":"chrome 80","system":{"preset":"commonjs-like"}},"assetSerializeOptions":{"cc.EffectAsset":{"glsl1":true,"glsl3":true,"glsl4":false},"exportCCON":true},"cocosParams":{"buildDir":"C:\\Users\\Student DSW\\NewProject\\build\\windows","buildAssetsDir":"C:\\Users\\Student DSW\\NewProject\\build\\windows\\data","projDir":"C:\\Users\\Student DSW\\NewProject","cmakePath":"C:\\ProgramData\\cocos\\editors\\Creator\\3.8.6\\resources\\tools\\cmake\\bin\\cmake.exe","nativeEnginePath":"C:\\ProgramData\\cocos\\editors\\Creator\\3.8.6\\resources\\resources\\3d\\engine\\native","enginePath":"C:\\ProgramData\\cocos\\editors\\Creator\\3.8.6\\resources\\resources\\3d\\engine","projectName":"NewProject","debug":false,"encrypted":false,"xxteaKey":"2eRPuFgsxO+KkJPN","compressZip":false,"cMakeConfig":{"APP_NAME":"set(APP_NAME \"NewProject\")","COCOS_X_PATH":"set(COCOS_X_PATH \"C:/ProgramData/cocos/editors/Creator/3.8.6/resources/resources/3d/engine/native\")","USE_JOB_SYSTEM_TASKFLOW":false,"USE_JOB_SYSTEM_TBB":false,"ENABLE_FLOAT_OUTPUT":false,"USE_PHYSICS_PHYSX":"set(USE_PHYSICS_PHYSX OFF)","USE_BOX2D_JSB":"set(USE_BOX2D_JSB OFF)","USE_OCCLUSION_QUERY":"set(USE_OCCLUSION_QUERY OFF)","USE_GEOMETRY_RENDERER":"set(USE_GEOMETRY_RENDERER OFF)","USE_DEBUG_RENDERER":"set(USE_DEBUG_RENDERER OFF)","USE_AUDIO":"set(USE_AUDIO ON)","USE_VIDEO":"set(USE_VIDEO ON)","USE_WEBVIEW":"set(USE_WEBVIEW ON)","USE_SOCKET":"set(USE_SOCKET ON)","USE_WEBSOCKET_SERVER":"set(USE_WEBSOCKET_SERVER OFF)","USE_VENDOR":"set(USE_VENDOR OFF)","USE_SPINE_3_8":"set(USE_SPINE_3_8 ON)","USE_SPINE_4_2":"set(USE_SPINE_4_2 OFF)","USE_DRAGONBONES":"set(USE_DRAGONBONES ON)","USE_SERVER_MODE":"set(USE_SERVER_MODE OFF)","NET_MODE":"set(NET_MODE 0)","CC_EXECUTABLE_NAME":"set(CC_EXECUTABLE_NAME \"NewProject\")","CC_USE_VULKAN":false,"CC_USE_GLES3":true,"CC_USE_GLES2":true},"platformParams":{"targetPlatform":"x64","vsVersion":""},"platform":"windows","packageName":"","executableName":"NewProject"},"generateCompileConfig":true,"dest":"C:\\Users\\Student DSW\\NewProject\\build\\windows\\data\\assets"}
