{"importBase":"import","nativeBase":"native","name":"main","deps":["internal"],"uuids":["0699aaa4c","06add430f","baIUdvKGZPgZxNbjWTFuRI","ffWKeBphJMgKjnpKOTF99U","6fAc9/gb9Kfr1dCvwZaWSA@b47c0","6fAc9/gb9Kfr1dCvwZaWSA@b47c0@40c10","6fAc9/gb9Kfr1dCvwZaWSA@b47c0@74afd","6fAc9/gb9Kfr1dCvwZaWSA@b47c0@7d38f","6fAc9/gb9Kfr1dCvwZaWSA@b47c0@8fd34","6fAc9/gb9Kfr1dCvwZaWSA@b47c0@bb97f","6fAc9/gb9Kfr1dCvwZaWSA@b47c0@e9a6d","d0MqyYBeFAkIi762QNy1/B@b47c0","d0MqyYBeFAkIi762QNy1/B@b47c0@40c10","d0MqyYBeFAkIi762QNy1/B@b47c0@74afd","d0MqyYBeFAkIi762QNy1/B@b47c0@7d38f","d0MqyYBeFAkIi762QNy1/B@b47c0@8fd34","d0MqyYBeFAkIi762QNy1/B@b47c0@bb97f","d0MqyYBeFAkIi762QNy1/B@b47c0@e9a6d","fdjsU2o1RKF5x0TziDw3jI"],"paths":{"2":["db:/internal/physics/default-physics-material",2,1],"3":["db:/assets/scene",0,1],"18":["db:/internal/default_renderpipeline/builtin-forward",1,1]},"scenes":{"db://assets/scene.scene":3},"packs":{"0699aaa4c":[4,5,6,7,8,9,10],"06add430f":[11,12,13,14,15,16,17]},"versions":{"import":[],"native":[]},"redirect":[2,"0"],"debug":false,"extensionMap":{},"hasPreloadScript":true,"dependencyRelationships":{},"types":["cc.SceneAsset","cc.RenderPipeline","cc.PhysicsMaterial"]}